TransectSummary-ns3_fixed_cropped_(0-2-6)),TransectSummary-ns3_fixed_cropped_(0-3-7)),TransectSummary-ns3_fixed_cropped_(1-2-16)),TransectSummary-ns3_fixed_cropped_(1-3-17)),TransectSummary-ns3_fixed_cropped_(2-2-26)),TransectSummary-ns3_fixed_cropped_(2-3-27)),TransectSummary-ns3_fixed_cropped_(3-2-36)),TransectSummary-ns3_fixed_cropped_(3-3-37)),TransectSummary-ns3_fixed_cropped_(4-2-46)),TransectSummary-ns3_fixed_cropped_(4-3-47)),TransectSummary-ns3_fixed_cropped_(5-2-56)),TransectSummary-ns3_fixed_cropped_(5-3-57)),TransectSummary-ns3_fixed_cropped_(6-2-66)),TransectSummary-ns3_fixed_cropped_(6-3-67)),TransectSummary-ns3_fixed_cropped_(7-2-76)),TransectSummary-ns3_fixed_cropped_(7-3-77)),TransectSummary-ns3_fixed_cropped_(8-2-86)),TransectSummary-ns3_fixed_cropped_(8-3-87)),TransectSummary-ns3_fixed_cropped_(9-2-96)),TransectSummary-ns3_fixed_cropped_(9-3-97)),TransectSummary-t17_fixed_cropped_(0-2-6)),TransectSummary-t17_fixed_cropped_(0-3-7)),TransectSummary-t17_fixed_cropped_(1-2-16)),TransectSummary-t17_fixed_cropped_(1-3-17)),TransectSummary-t17_fixed_cropped_(2-2-26)),TransectSummary-t17_fixed_cropped_(2-3-27)),TransectSummary-t17_fixed_cropped_(3-2-36)),TransectSummary-t17_fixed_cropped_(3-3-37)),TransectSummary-t17_fixed_cropped_(4-2-46)),TransectSummary-t17_fixed_cropped_(4-3-47)),TransectSummary-t17_fixed_cropped_(5-2-56)),TransectSummary-t17_fixed_cropped_(5-3-57)),TransectSummary-t17_fixed_cropped_(6-2-66)),TransectSummary-t17_fixed_cropped_(6-3-67)),TransectSummary-t17_fixed_cropped_(7-2-76)),TransectSummary-t17_fixed_cropped_(7-3-77)),TransectSummary-t17_fixed_cropped_(8-2-86)),TransectSummary-t17_fixed_cropped_(8-3-87)),TransectSummary-t17_fixed_cropped_(9-2-96)),TransectSummary-t17_fixed_cropped_(9-3-97)),TransectSummary-t19_fixed_cropped_(0-2-6)),TransectSummary-t19_fixed_cropped_(0-3-7)),TransectSummary-t19_fixed_cropped_(1-2-16)),TransectSummary-t19_fixed_cropped_(1-3-17)),TransectSummary-t19_fixed_cropped_(2-2-26)),TransectSummary-t19_fixed_cropped_(2-3-27)),TransectSummary-t19_fixed_cropped_(3-2-36)),TransectSummary-t19_fixed_cropped_(3-3-37)),TransectSummary-t19_fixed_cropped_(4-2-46)),TransectSummary-t19_fixed_cropped_(4-3-47)),TransectSummary-t19_fixed_cropped_(5-2-56)),TransectSummary-t19_fixed_cropped_(5-3-57)),TransectSummary-t19_fixed_cropped_(6-2-66)),TransectSummary-t19_fixed_cropped_(6-3-67)),TransectSummary-t19_fixed_cropped_(7-2-76)),TransectSummary-t19_fixed_cropped_(7-3-77)),TransectSummary-t19_fixed_cropped_(8-2-86)),TransectSummary-t19_fixed_cropped_(8-3-87)),TransectSummary-t19_fixed_cropped_(9-2-96)),TransectSummary-t19_fixed_cropped_(9-3-97)),TransectSummary-t1_fixed_cropped_(0-2-6)),TransectSummary-t1_fixed_cropped_(0-3-7)),TransectSummary-t1_fixed_cropped_(1-2-16)),TransectSummary-t1_fixed_cropped_(1-3-17)),TransectSummary-t1_fixed_cropped_(2-2-26)),TransectSummary-t1_fixed_cropped_(2-3-27)),TransectSummary-t1_fixed_cropped_(3-2-36)),TransectSummary-t1_fixed_cropped_(3-3-37)),TransectSummary-t1_fixed_cropped_(4-2-46)),TransectSummary-t1_fixed_cropped_(4-3-47)),TransectSummary-t1_fixed_cropped_(5-2-56)),TransectSummary-t1_fixed_cropped_(5-3-57)),TransectSummary-t1_fixed_cropped_(6-2-66)),TransectSummary-t1_fixed_cropped_(6-3-67)),TransectSummary-t1_fixed_cropped_(7-2-76)),TransectSummary-t1_fixed_cropped_(7-3-77)),TransectSummary-t1_fixed_cropped_(8-2-86)),TransectSummary-t1_fixed_cropped_(8-3-87)),TransectSummary-t1_fixed_cropped_(9-2-96)),TransectSummary-t1_fixed_cropped_(9-3-97)),dummy
9.761851685,9.761851685,9.761851685,9.761851685,9.761851685,9.761851685,9.761851685,9.761851685,9.761851685,9.761851685,9.761851685,9.761851685,9.761851685,9.761851685,9.761851685,9.761851685,9.761851685,9.761851685,9.761851685,9.761851685,19.67308505,19.67308505,19.67308505,19.67308505,19.67308505,19.67308505,19.67308505,19.67308505,19.67308505,19.67308505,19.67308505,19.67308505,19.67308505,19.67308505,19.67308505,19.67308505,19.67308505,19.67308505,19.67308505,19.67308505,7.411868333,7.411868333,7.411868333,7.411868333,7.411868333,7.411868333,7.411868333,7.411868333,7.411868333,7.411868333,7.411868333,7.411868333,7.411868333,7.411868333,7.411868333,7.411868333,7.411868333,7.411868333,7.411868333,7.411868333,7.502700407,7.502700407,7.502700407,7.502700407,7.502700407,7.502700407,7.502700407,7.502700407,7.502700407,7.502700407,7.502700407,7.502700407,7.502700407,7.502700407,7.502700407,7.502700407,7.502700407,7.502700407,7.502700407,7.502700407,1
1.28925661,1.108760685,1.28925661,1.108760685,1.28925661,1.108760685,1.28925661,1.108760685,1.28925661,1.108760685,1.28925661,1.108760685,1.28925661,1.108760685,1.28925661,1.108760685,1.28925661,1.108760685,1.28925661,1.108760685,3.621399561,3.621399561,3.621399561,3.621399561,3.621399561,3.621399561,3.621399561,3.621399561,3.621399561,3.621399561,3.621399561,3.621399561,3.621399561,3.621399561,3.621399561,3.621399561,3.621399561,3.621399561,3.621399561,3.621399561,7.45106929,7.45106929,7.45106929,7.45106929,7.45106929,7.45106929,7.45106929,7.45106929,7.45106929,7.45106929,7.45106929,7.45106929,7.45106929,7.45106929,7.45106929,7.45106929,7.45106929,7.45106929,7.45106929,7.45106929,1.274252271,1.274252271,1.274252271,1.274252271,1.274252271,1.274252271,1.274252271,1.274252271,1.274252271,1.274252271,1.274252271,1.274252271,1.274252271,1.274252271,1.274252271,1.274252271,1.274252271,1.274252271,1.274252271,1.274252271,1
2.69802187,1.618813122,2.69802187,1.618813122,2.69802187,1.618813122,2.69802187,1.618813122,2.69802187,1.618813122,1.416125563,0.368192646,2.69802187,1.618813122,2.69802187,1.618813122,1.416125563,0.368192646,1.416125563,0.368192646,2.524856701,2.524856701,2.524856701,2.524856701,2.524856701,2.524856701,2.524856701,2.524856701,2.524856701,2.524856701,2.524856701,2.524856701,2.524856701,2.524856701,2.524856701,2.524856701,2.524856701,2.524856701,2.524856701,2.524856701,6.0061677,6.0061677,6.0061677,6.0061677,6.0061677,6.0061677,6.0061677,6.0061677,6.0061677,6.0061677,6.0061677,6.0061677,6.0061677,6.0061677,6.0061677,6.0061677,6.0061677,6.0061677,6.0061677,6.0061677,3.112577273,3.112577273,3.112577273,3.112577273,3.112577273,3.112577273,3.112577273,3.112577273,3.112577273,3.112577273,3.112577273,3.112577273,3.112577273,3.112577273,3.112577273,3.112577273,3.112577273,3.112577273,3.112577273,3.112577273,1
1.868753727,1.121252236,1.868753727,1.121252236,1.868753727,1.121252236,1.868753727,1.121252236,1.868753727,1.121252236,2.278628027,0.364580484,1.868753727,1.121252236,1.868753727,1.121252236,2.278628027,0.364580484,2.278628027,0.364580484,8.484078722,8.484078722,8.484078722,8.484078722,8.484078722,8.484078722,8.484078722,8.484078722,8.484078722,8.484078722,8.484078722,8.484078722,8.484078722,8.484078722,8.484078722,8.484078722,8.484078722,8.484078722,8.484078722,8.484078722,8.543340316,8.543340316,8.543340316,8.543340316,8.543340316,8.543340316,8.543340316,8.543340316,8.543340316,8.543340316,8.543340316,8.543340316,8.543340316,8.543340316,8.543340316,8.543340316,8.543340316,8.543340316,8.543340316,8.543340316,4.871191021,4.871191021,4.871191021,4.871191021,4.871191021,4.871191021,4.871191021,4.871191021,4.871191021,4.871191021,4.871191021,4.871191021,4.871191021,4.871191021,4.871191021,4.871191021,4.871191021,4.871191021,4.871191021,4.871191021,1
2.278628027,0.364580484,1.148900079,0.57445004,1.148900079,0.57445004,1.148900079,0.57445004,1.148900079,0.57445004,3.758388238,2.480536237,2.278628027,0.364580484,2.278628027,0.364580484,3.758388238,2.480536237,3.758388238,2.480536237,10.54149323,10.54149323,10.54149323,10.54149323,10.54149323,10.54149323,10.54149323,10.54149323,10.54149323,10.54149323,10.54149323,10.54149323,10.54149323,10.54149323,10.54149323,10.54149323,10.54149323,10.54149323,10.54149323,10.54149323,6.381428226,6.381428226,6.381428226,6.381428226,6.381428226,6.381428226,6.381428226,6.381428226,6.381428226,6.381428226,6.381428226,6.381428226,6.381428226,6.381428226,6.381428226,6.381428226,6.381428226,6.381428226,6.381428226,6.381428226,4.71693673,4.71693673,4.71693673,4.71693673,4.71693673,4.71693673,4.71693673,4.71693673,4.71693673,4.71693673,4.71693673,4.71693673,4.71693673,4.71693673,4.71693673,4.71693673,4.71693673,4.71693673,4.71693673,4.71693673,1
3.758388238,2.480536237,2.583946611,1.291973306,2.583946611,1.291973306,2.583946611,1.291973306,2.583946611,1.291973306,2.822519796,2.822519796,3.758388238,2.480536237,3.758388238,2.480536237,2.822519796,2.822519796,2.822519796,2.822519796,9.142153962,7.862252407,9.142153962,7.862252407,9.142153962,7.862252407,9.142153962,7.862252407,9.142153962,7.862252407,9.142153962,7.862252407,9.142153962,7.862252407,9.142153962,7.862252407,9.142153962,7.862252407,9.142153962,7.862252407,8.359796224,8.359796224,8.359796224,8.359796224,8.359796224,8.359796224,8.359796224,8.359796224,8.359796224,8.359796224,8.359796224,8.359796224,8.359796224,8.359796224,8.359796224,8.359796224,8.359796224,8.359796224,8.359796224,8.359796224,6.748253386,6.748253386,6.748253386,6.748253386,6.748253386,6.748253386,6.748253386,6.748253386,6.748253386,6.748253386,6.748253386,6.748253386,6.748253386,6.748253386,6.748253386,6.748253386,6.748253386,6.748253386,6.748253386,6.748253386,1
2.822519796,2.822519796,3.758388238,2.480536237,3.758388238,2.480536237,3.758388238,2.480536237,3.758388238,2.480536237,3.072488829,1.413344861,2.822519796,2.822519796,2.822519796,2.822519796,2.525031516,1.363517019,2.525031516,1.363517019,4.859449229,4.179126337,4.859449229,4.179126337,4.859449229,4.179126337,4.859449229,4.179126337,4.859449229,4.179126337,4.859449229,4.179126337,4.859449229,4.179126337,4.859449229,4.179126337,4.859449229,4.179126337,4.859449229,4.179126337,8.912997173,7.843437512,8.912997173,7.843437512,8.912997173,7.843437512,8.912997173,7.843437512,8.912997173,7.843437512,8.912997173,7.843437512,8.912997173,7.843437512,8.912997173,7.843437512,8.912997173,7.843437512,8.912997173,7.843437512,4.237753723,4.237753723,4.237753723,4.237753723,4.237753723,4.237753723,4.237753723,4.237753723,4.237753723,4.237753723,4.237753723,4.237753723,4.237753723,4.237753723,4.237753723,4.237753723,4.237753723,4.237753723,4.237753723,4.237753723,1
3.072488829,1.413344861,2.822519796,2.822519796,2.822519796,2.822519796,2.822519796,2.822519796,2.822519796,2.822519796,2.401783925,1.104820605,2.525031516,1.363517019,2.525031516,1.363517019,2.998991,2.998991,2.998991,2.998991,5.574293524,5.574293524,5.574293524,5.574293524,5.574293524,5.574293524,5.574293524,5.574293524,5.574293524,5.574293524,5.574293524,5.574293524,5.574293524,5.574293524,5.574293524,5.574293524,5.574293524,5.574293524,5.574293524,5.574293524,3.993963505,3.035412264,3.993963505,3.035412264,3.993963505,3.035412264,3.993963505,3.035412264,3.993963505,3.035412264,3.993963505,3.035412264,3.993963505,3.035412264,3.993963505,3.035412264,3.993963505,3.035412264,3.993963505,3.035412264,3.436595395,2.849859596,3.436595395,2.849859596,3.436595395,2.849859596,3.436595395,2.849859596,3.436595395,2.849859596,3.436595395,2.849859596,3.436595395,2.849859596,3.436595395,2.849859596,3.436595395,2.849859596,3.436595395,2.849859596,1
2.401783925,1.104820605,3.072488829,1.413344861,3.072488829,1.413344861,3.072488829,1.413344861,3.072488829,1.413344861,2.998991,2.998991,2.998991,2.998991,2.998991,2.998991,2.554486241,1.072884221,4.211566519,2.442708581,5.713970967,5.713970967,5.713970967,5.713970967,5.713970967,5.713970967,5.713970967,5.713970967,5.713970967,5.713970967,5.713970967,5.713970967,5.713970967,5.713970967,5.713970967,5.713970967,5.713970967,5.713970967,5.713970967,5.713970967,4.833578258,0.870044087,4.833578258,0.870044087,4.833578258,0.870044087,4.833578258,0.870044087,3.257760451,1.628880225,3.257760451,1.628880225,3.257760451,1.628880225,3.257760451,1.628880225,3.257760451,1.628880225,4.833578258,0.870044087,4.149753988,4.149753988,4.149753988,4.149753988,4.149753988,4.149753988,4.149753988,4.149753988,4.149753988,4.149753988,4.149753988,4.149753988,4.149753988,4.149753988,4.149753988,4.149753988,4.149753988,4.149753988,4.149753988,4.149753988,1
2.998991,2.998991,2.401783925,1.104820605,2.401783925,1.104820605,2.401783925,1.104820605,2.401783925,1.104820605,2.554486241,1.072884221,2.554486241,1.072884221,4.211566519,2.442708581,3.589579709,1.507623478,3.22698367,3.22698367,3.710904662,3.710904662,3.710904662,3.710904662,3.710904662,3.710904662,3.710904662,3.710904662,3.710904662,3.710904662,3.710904662,3.710904662,3.710904662,3.710904662,3.710904662,3.710904662,3.710904662,3.710904662,3.710904662,3.710904662,8.088104242,1.294096679,8.088104242,1.294096679,8.088104242,1.294096679,2.671289338,0.053425787,3.575764493,2.574550435,3.575764493,2.574550435,3.575764493,2.574550435,3.575764493,2.574550435,3.575764493,2.574550435,8.088104242,1.294096679,4.365039283,3.832717419,4.365039283,3.832717419,4.365039283,3.832717419,4.365039283,3.832717419,4.365039283,3.832717419,4.365039283,3.832717419,4.365039283,3.832717419,4.365039283,3.832717419,4.365039283,3.832717419,4.365039283,3.832717419,1
2.554486241,1.072884221,2.998991,2.998991,2.998991,2.998991,2.998991,2.998991,2.998991,2.998991,3.589579709,1.507623478,3.589579709,1.507623478,3.22698367,3.22698367,3.22698367,3.22698367,3.635596843,3.272037159,4.041422255,4.041422255,4.041422255,4.041422255,4.041422255,4.041422255,4.041422255,4.041422255,4.041422255,4.041422255,4.041422255,4.041422255,4.041422255,4.041422255,4.041422255,4.041422255,4.041422255,4.041422255,4.041422255,4.041422255,3.36384772,0.60549259,3.36384772,0.60549259,3.36384772,0.60549259,3.575764493,2.574550435,5.835549073,1.867375703,5.835549073,1.867375703,5.835549073,1.867375703,5.835549073,1.867375703,5.835549073,1.867375703,3.36384772,0.60549259,2.248254485,1.974077109,2.248254485,1.974077109,2.248254485,1.974077109,2.248254485,1.974077109,2.248254485,1.974077109,2.248254485,1.974077109,2.248254485,1.974077109,2.248254485,1.974077109,2.248254485,1.974077109,2.248254485,1.974077109,1
3.589579709,1.507623478,2.554486241,1.072884221,2.554486241,1.072884221,2.554486241,1.072884221,2.554486241,1.072884221,3.22698367,3.22698367,3.22698367,3.22698367,3.635596843,3.272037159,3.635596843,3.272037159,3.772589605,3.018071684,5.400879961,4.320703969,5.400879961,4.320703969,5.400879961,4.320703969,5.400879961,4.320703969,5.400879961,4.320703969,5.400879961,4.320703969,5.400879961,4.320703969,5.400879961,4.320703969,5.400879961,4.320703969,5.400879961,4.320703969,3.575764493,2.574550435,3.575764493,2.574550435,3.575764493,2.574550435,5.835549073,1.867375703,3.723356465,1.191474069,3.723356465,1.191474069,3.723356465,1.191474069,3.723356465,1.191474069,3.723356465,1.191474069,3.575764493,2.574550435,4.598680235,4.374354369,4.598680235,4.374354369,4.598680235,4.374354369,4.598680235,4.374354369,4.598680235,4.374354369,4.598680235,4.374354369,4.598680235,4.374354369,4.598680235,4.374354369,4.598680235,4.374354369,4.598680235,4.374354369,1
3.22698367,3.22698367,3.589579709,1.507623478,3.589579709,1.507623478,3.589579709,1.507623478,3.589579709,1.507623478,3.635596843,3.272037159,3.635596843,3.272037159,3.772589605,3.018071684,3.772589605,3.018071684,3.009062297,1.384168656,3.650700543,2.920560435,3.650700543,2.920560435,3.650700543,2.920560435,3.650700543,2.920560435,3.650700543,2.920560435,3.650700543,2.920560435,3.650700543,2.920560435,3.650700543,2.920560435,3.650700543,2.920560435,3.650700543,2.920560435,5.835549073,1.867375703,5.835549073,1.867375703,5.835549073,1.867375703,3.723356465,1.191474069,5.334854958,2.667427479,5.334854958,2.667427479,5.334854958,2.667427479,5.334854958,2.667427479,5.334854958,2.667427479,5.835549073,1.867375703,6.729802503,6.729802503,6.729802503,6.729802503,6.729802503,6.729802503,6.729802503,6.729802503,6.729802503,6.729802503,6.729802503,6.729802503,6.729802503,6.729802503,6.729802503,6.729802503,6.729802503,6.729802503,6.729802503,6.729802503,1
3.635596843,3.272037159,3.22698367,3.22698367,3.22698367,3.22698367,3.22698367,3.22698367,3.22698367,3.22698367,3.772589605,3.018071684,3.772589605,3.018071684,3.009062297,1.384168656,3.009062297,1.384168656,3.427068177,1.576451362,4.495837854,4.495837854,4.495837854,4.495837854,4.495837854,4.495837854,4.495837854,4.495837854,4.495837854,4.495837854,4.495837854,4.495837854,4.495837854,4.495837854,4.495837854,4.495837854,4.495837854,4.495837854,4.495837854,4.495837854,3.723356465,1.191474069,3.723356465,1.191474069,3.723356465,1.191474069,5.334854958,2.667427479,4.998229759,1.099610547,4.998229759,1.099610547,4.998229759,1.099610547,4.998229759,1.099610547,4.998229759,1.099610547,3.723356465,1.191474069,10.61996413,10.61996413,10.61996413,10.61996413,10.61996413,10.61996413,10.61996413,10.61996413,10.61996413,10.61996413,10.61996413,10.61996413,10.61996413,10.61996413,10.61996413,10.61996413,10.61996413,10.61996413,10.61996413,10.61996413,1
3.772589605,3.018071684,3.635596843,3.272037159,3.635596843,3.272037159,3.635596843,3.272037159,3.635596843,3.272037159,3.009062297,1.384168656,3.009062297,1.384168656,3.427068177,1.576451362,3.427068177,1.576451362,2.981627994,1.550446557,4.767635993,4.767635993,4.767635993,4.767635993,4.767635993,4.767635993,4.767635993,4.767635993,4.767635993,4.767635993,4.767635993,4.767635993,4.767635993,4.767635993,4.767635993,4.767635993,4.767635993,4.767635993,4.767635993,4.767635993,5.334854958,2.667427479,5.334854958,2.667427479,5.334854958,2.667427479,4.998229759,1.099610547,4.833237628,1.063312278,4.833237628,1.063312278,4.833237628,1.063312278,4.833237628,1.063312278,4.833237628,1.063312278,5.334854958,2.667427479,4.134189102,4.134189102,4.134189102,4.134189102,4.134189102,4.134189102,4.134189102,4.134189102,4.134189102,4.134189102,4.134189102,4.134189102,4.134189102,4.134189102,4.134189102,4.134189102,4.134189102,4.134189102,4.134189102,4.134189102,1
3.009062297,1.384168656,3.772589605,3.018071684,3.772589605,3.018071684,3.772589605,3.018071684,3.772589605,3.018071684,3.427068177,1.576451362,3.427068177,1.576451362,2.981627994,1.550446557,2.981627994,1.550446557,5.185341913,2.696377795,5.130264689,1.539079407,5.130264689,1.539079407,5.130264689,1.539079407,5.130264689,1.539079407,5.130264689,1.539079407,5.130264689,1.539079407,5.130264689,1.539079407,5.130264689,1.539079407,5.130264689,1.539079407,5.130264689,1.539079407,4.998229759,1.099610547,3.726825257,2.906923701,3.726825257,2.906923701,4.833237628,1.063312278,7.217148798,5.340690111,7.217148798,5.340690111,7.217148798,5.340690111,7.217148798,5.340690111,7.217148798,5.340690111,3.726825257,2.906923701,6.71844905,5.571396774,6.71844905,5.571396774,6.71844905,5.571396774,6.71844905,5.571396774,6.71844905,5.571396774,6.71844905,5.571396774,6.71844905,5.571396774,6.71844905,5.571396774,6.71844905,5.571396774,6.71844905,5.571396774,1
3.427068177,1.576451362,2.520842338,0.857086395,2.520842338,0.857086395,2.520842338,0.857086395,2.520842338,0.857086395,2.981627994,1.550446557,2.981627994,1.550446557,5.185341913,2.696377795,5.185341913,2.696377795,2.484616011,2.484616011,5.268706121,1.580611836,5.268706121,1.580611836,5.268706121,1.580611836,5.268706121,1.580611836,5.268706121,1.580611836,5.268706121,1.580611836,5.268706121,1.580611836,5.268706121,1.580611836,5.268706121,1.580611836,5.268706121,1.580611836,4.833237628,1.063312278,7.217148798,5.340690111,7.217148798,5.340690111,7.217148798,5.340690111,6.58524565,4.873081781,6.58524565,4.873081781,6.58524565,4.873081781,6.58524565,4.873081781,6.58524565,4.873081781,3.471961239,0.902709922,3.155160058,2.231698577,3.155160058,2.231698577,3.155160058,2.231698577,3.155160058,2.231698577,3.155160058,2.231698577,3.155160058,2.231698577,3.155160058,2.231698577,3.155160058,2.231698577,3.155160058,2.231698577,3.155160058,2.231698577,1
2.981627994,1.550446557,2.688435409,1.290448996,2.688435409,1.290448996,2.688435409,1.290448996,2.688435409,1.290448996,5.185341913,2.696377795,5.185341913,2.696377795,2.484616011,2.484616011,2.484616011,2.484616011,4.014685926,4.014685926,4.661550811,1.025541178,4.661550811,1.025541178,4.661550811,1.025541178,4.661550811,1.025541178,4.661550811,1.025541178,4.661550811,1.025541178,4.661550811,1.025541178,4.661550811,1.025541178,4.661550811,1.025541178,4.661550811,1.025541178,7.217148798,5.340690111,6.58524565,4.873081781,6.58524565,4.873081781,6.58524565,4.873081781,5.106519702,5.106519702,5.106519702,5.106519702,5.106519702,5.106519702,5.106519702,5.106519702,5.106519702,5.106519702,5.106519702,5.106519702,2.33470743,1.594434343,2.33470743,1.594434343,2.33470743,1.594434343,2.33470743,1.594434343,2.33470743,1.594434343,2.33470743,1.594434343,2.33470743,1.594434343,2.33470743,1.594434343,2.33470743,1.594434343,2.33470743,1.594434343,1
5.185341913,2.696377795,2.484616011,2.484616011,2.484616011,2.484616011,2.484616011,2.484616011,2.484616011,2.484616011,2.484616011,2.484616011,2.484616011,2.484616011,4.014685926,4.014685926,4.014685926,4.014685926,3.053927392,3.053927392,4.858080799,1.068777776,4.858080799,1.068777776,4.858080799,1.068777776,4.858080799,1.068777776,4.858080799,1.068777776,4.858080799,1.068777776,4.858080799,1.068777776,4.858080799,1.068777776,4.858080799,1.068777776,4.858080799,1.068777776,6.58524565,4.873081781,5.106519702,5.106519702,5.106519702,5.106519702,5.106519702,5.106519702,7.995366268,4.317497785,7.995366268,4.317497785,7.995366268,4.317497785,7.995366268,4.317497785,7.995366268,4.317497785,3.888104782,1.7885282,3.269460872,2.232802547,3.269460872,2.232802547,3.269460872,2.232802547,3.269460872,2.232802547,3.269460872,2.232802547,3.269460872,2.232802547,3.269460872,2.232802547,3.269460872,2.232802547,3.269460872,2.232802547,3.269460872,2.232802547,1
2.484616011,2.484616011,4.014685926,4.014685926,4.014685926,4.014685926,4.014685926,4.014685926,4.014685926,4.014685926,4.014685926,4.014685926,4.014685926,4.014685926,3.053927392,3.053927392,3.053927392,3.053927392,3.237900417,3.237900417,3.866426542,2.629170048,3.866426542,2.629170048,3.866426542,2.629170048,3.866426542,2.629170048,3.866426542,2.629170048,3.866426542,2.629170048,3.866426542,2.629170048,3.866426542,2.629170048,3.866426542,2.629170048,3.866426542,2.629170048,5.106519702,5.106519702,3.888104782,1.7885282,3.888104782,1.7885282,3.888104782,1.7885282,15.76295571,8.511996085,15.76295571,8.511996085,15.76295571,8.511996085,15.76295571,8.511996085,15.76295571,8.511996085,8.679812143,8.679812143,3.801324429,2.596026439,3.801324429,2.596026439,3.801324429,2.596026439,3.801324429,2.596026439,3.801324429,2.596026439,3.801324429,2.596026439,3.801324429,2.596026439,3.801324429,2.596026439,3.801324429,2.596026439,3.801324429,2.596026439,1
4.014685926,4.014685926,3.053927392,3.053927392,3.053927392,3.053927392,3.053927392,3.053927392,3.053927392,3.053927392,3.053927392,3.053927392,3.053927392,3.053927392,3.237900417,3.237900417,3.237900417,3.237900417,2.563754593,2.563754593,11.93336721,3.102675474,11.93336721,3.102675474,11.93336721,3.102675474,11.93336721,3.102675474,11.93336721,3.102675474,11.93336721,3.102675474,11.93336721,3.102675474,11.93336721,3.102675474,11.93336721,3.102675474,11.93336721,3.102675474,3.888104782,1.7885282,8.679812143,8.679812143,8.679812143,8.679812143,8.679812143,8.679812143,8.679812143,8.679812143,8.679812143,8.679812143,8.679812143,8.679812143,8.679812143,8.679812143,8.679812143,8.679812143,,,3.804994547,2.505728117,3.804994547,2.505728117,3.804994547,2.505728117,3.804994547,2.505728117,3.804994547,2.505728117,3.804994547,2.505728117,3.804994547,2.505728117,3.804994547,2.505728117,3.804994547,2.505728117,3.804994547,2.505728117,1
3.053927392,3.053927392,3.237900417,3.237900417,3.237900417,3.237900417,3.237900417,3.237900417,3.237900417,3.237900417,3.237900417,3.237900417,3.237900417,3.237900417,2.563754593,2.563754593,2.563754593,2.563754593,4.055674999,4.055674999,5.160988431,1.341856992,5.160988431,1.341856992,5.160988431,1.341856992,5.160988431,1.341856992,5.160988431,1.341856992,5.160988431,1.341856992,5.160988431,1.341856992,5.160988431,1.341856992,5.160988431,1.341856992,5.160988431,1.341856992,8.679812143,8.679812143,,,,,,,,,,,,,,,,,,,3.682646525,2.425157467,3.682646525,2.425157467,3.682646525,2.425157467,3.682646525,2.425157467,3.682646525,2.425157467,3.682646525,2.425157467,3.682646525,2.425157467,3.682646525,2.425157467,3.682646525,2.425157467,3.682646525,2.425157467,1
3.237900417,3.237900417,2.563754593,2.563754593,2.563754593,2.563754593,2.563754593,2.563754593,2.563754593,2.563754593,2.563754593,2.563754593,2.563754593,2.563754593,4.055674999,4.055674999,4.055674999,4.055674999,2.106219312,0.968860884,5.45209703,2.289880752,5.45209703,2.289880752,5.45209703,2.289880752,5.45209703,2.289880752,5.45209703,2.289880752,5.45209703,2.289880752,5.45209703,2.289880752,5.45209703,2.289880752,5.45209703,2.289880752,5.45209703,2.289880752,,,,,,,,,,,,,,,,,,,,,3.784102008,3.507216495,3.784102008,3.507216495,3.784102008,3.507216495,3.784102008,3.507216495,3.784102008,3.507216495,3.784102008,3.507216495,3.784102008,3.507216495,3.784102008,3.507216495,3.784102008,3.507216495,3.784102008,3.507216495,1
2.563754593,2.563754593,4.055674999,4.055674999,4.055674999,4.055674999,4.055674999,4.055674999,4.055674999,4.055674999,4.055674999,4.055674999,4.055674999,4.055674999,2.106219312,0.968860884,7.293188007,3.792457764,3.269161801,1.503814428,4.409234053,2.557355751,4.409234053,2.557355751,4.409234053,2.557355751,4.409234053,2.557355751,4.409234053,2.557355751,4.409234053,2.557355751,4.409234053,2.557355751,4.409234053,2.557355751,4.409234053,2.557355751,4.409234053,2.557355751,,,,,,,,,,,,,,,,,,,,,5.245313245,5.245313245,5.245313245,5.245313245,5.245313245,5.245313245,5.245313245,5.245313245,5.245313245,5.245313245,5.245313245,5.245313245,5.245313245,5.245313245,5.245313245,5.245313245,5.245313245,5.245313245,5.245313245,5.245313245,1
4.055674999,4.055674999,7.293188007,3.792457764,7.293188007,3.792457764,7.293188007,3.792457764,7.293188007,3.792457764,7.293188007,3.792457764,7.293188007,3.792457764,3.269161801,1.503814428,3.79996774,2.355979999,3.79996774,2.355979999,5.36494288,5.36494288,5.36494288,5.36494288,5.36494288,5.36494288,5.36494288,5.36494288,5.36494288,5.36494288,5.36494288,5.36494288,5.36494288,5.36494288,5.36494288,5.36494288,5.36494288,5.36494288,5.36494288,5.36494288,,,,,,,,,,,,,,,,,,,,,4.047537229,3.060333027,4.047537229,3.060333027,4.047537229,3.060333027,4.047537229,3.060333027,4.047537229,3.060333027,4.047537229,3.060333027,4.047537229,3.060333027,4.047537229,3.060333027,4.047537229,3.060333027,4.047537229,3.060333027,1
7.293188007,3.792457764,3.79996774,2.355979999,3.79996774,2.355979999,3.79996774,2.355979999,3.79996774,2.355979999,3.79996774,2.355979999,3.79996774,2.355979999,1.977613533,0.553731789,3.485418619,3.20658513,3.485418619,3.20658513,,,,,,,,,,,,,,,,,,,,,,,,,,,,,,,,,,,,,,,,,3.068965764,1.871320588,3.068965764,1.871320588,3.068965764,1.871320588,3.068965764,1.871320588,3.068965764,1.871320588,3.068965764,1.871320588,3.068965764,1.871320588,3.068965764,1.871320588,3.068965764,1.871320588,3.068965764,1.871320588,1
3.79996774,2.355979999,3.485418619,3.20658513,3.485418619,3.20658513,3.485418619,3.20658513,3.485418619,3.20658513,3.485418619,3.20658513,3.485418619,3.20658513,2.438821497,0.731646449,3.654447171,2.485024076,3.654447171,2.485024076,,,,,,,,,,,,,,,,,,,,,,,,,,,,,,,,,,,,,,,,,3.466780954,2.113890826,3.466780954,2.113890826,3.466780954,2.113890826,3.466780954,2.113890826,3.466780954,2.113890826,3.466780954,2.113890826,3.466780954,2.113890826,3.466780954,2.113890826,3.466780954,2.113890826,3.466780954,2.113890826,1
3.485418619,3.20658513,3.654447171,2.485024076,3.654447171,2.485024076,3.654447171,2.485024076,3.654447171,2.485024076,3.654447171,2.485024076,3.654447171,2.485024076,3.485418619,3.20658513,4.055189637,1.054349306,3.060066861,1.10162407,,,,,,,,,,,,,,,,,,,,,,,,,,,,,,,,,,,,,,,,,3.574574426,1.569325358,3.574574426,1.569325358,3.574574426,1.569325358,3.574574426,1.569325358,3.574574426,1.569325358,3.574574426,1.569325358,3.574574426,1.569325358,3.574574426,1.569325358,3.574574426,1.569325358,3.574574426,1.569325358,1
3.654447171,2.485024076,4.055189637,1.054349306,4.055189637,1.054349306,4.055189637,1.054349306,4.055189637,1.054349306,4.055189637,1.054349306,4.055189637,1.054349306,3.654447171,2.485024076,2.774926583,0.554985317,3.955047675,3.401341001,,,,,,,,,,,,,,,,,,,,,,,,,,,,,,,,,,,,,,,,,3.004786769,1.245887197,3.004786769,1.245887197,3.004786769,1.245887197,3.004786769,1.245887197,3.004786769,1.245887197,3.004786769,1.245887197,3.004786769,1.245887197,3.004786769,1.245887197,3.004786769,1.245887197,3.004786769,1.245887197,1
4.055189637,1.054349306,2.774926583,0.554985317,2.774926583,0.554985317,2.774926583,0.554985317,2.774926583,0.554985317,2.774926583,0.554985317,2.774926583,0.554985317,3.060066861,1.10162407,3.955047675,3.401341001,3.984882918,3.745789943,,,,,,,,,,,,,,,,,,,,,,,,,,,,,,,,,,,,,,,,,1.476029347,0.648012884,1.476029347,0.648012884,1.476029347,0.648012884,1.476029347,0.648012884,1.476029347,0.648012884,1.476029347,0.648012884,1.476029347,0.648012884,1.476029347,0.648012884,1.476029347,0.648012884,1.476029347,0.648012884,1
2.774926583,0.554985317,3.955047675,3.401341001,3.955047675,3.401341001,3.955047675,3.401341001,3.955047675,3.401341001,3.955047675,3.401341001,3.955047675,3.401341001,3.955047675,3.401341001,3.984882918,3.745789943,3.519619774,2.534126237,,,,,,,,,,,,,,,,,,,,,,,,,,,,,,,,,,,,,,,,,4.539587711,2.21443303,4.539587711,2.21443303,4.539587711,2.21443303,4.539587711,2.21443303,4.539587711,2.21443303,4.539587711,2.21443303,4.539587711,2.21443303,4.539587711,2.21443303,4.539587711,2.21443303,4.539587711,2.21443303,1
3.955047675,3.401341001,3.984882918,3.745789943,3.984882918,3.745789943,3.984882918,3.745789943,3.984882918,3.745789943,3.984882918,3.745789943,3.984882918,3.745789943,3.984882918,3.745789943,3.519619774,2.534126237,4.14862243,1.991338766,,,,,,,,,,,,,,,,,,,,,,,,,,,,,,,,,,,,,,,,,4.273792819,2.084776985,4.273792819,2.084776985,4.273792819,2.084776985,4.273792819,2.084776985,4.273792819,2.084776985,4.273792819,2.084776985,4.273792819,2.084776985,4.273792819,2.084776985,4.273792819,2.084776985,4.273792819,2.084776985,1
3.984882918,3.745789943,3.519619774,2.534126237,3.519619774,2.534126237,3.519619774,2.534126237,3.519619774,2.534126237,3.519619774,2.534126237,3.519619774,2.534126237,3.519619774,2.534126237,5.095663806,1.222959313,4.56358174,3.650865392,,,,,,,,,,,,,,,,,,,,,,,,,,,,,,,,,,,,,,,,,2.564782339,1.126002002,2.564782339,1.126002002,2.564782339,1.126002002,2.564782339,1.126002002,2.564782339,1.126002002,2.564782339,1.126002002,2.564782339,1.126002002,2.564782339,1.126002002,2.564782339,1.126002002,2.564782339,1.126002002,1
3.519619774,2.534126237,5.095663806,1.222959313,5.095663806,1.222959313,5.095663806,1.222959313,5.095663806,1.222959313,5.095663806,1.222959313,5.095663806,1.222959313,4.14862243,1.991338766,4.505505482,1.081321316,3.338935398,2.404033487,,,,,,,,,,,,,,,,,,,,,,,,,,,,,,,,,,,,,,,,,3.120082867,1.293692896,3.120082867,1.293692896,3.120082867,1.293692896,3.120082867,1.293692896,3.120082867,1.293692896,3.120082867,1.293692896,3.120082867,1.293692896,3.120082867,1.293692896,3.120082867,1.293692896,3.120082867,1.293692896,1
5.095663806,1.222959313,4.505505482,1.081321316,4.505505482,1.081321316,4.505505482,1.081321316,4.505505482,1.081321316,4.505505482,1.081321316,4.505505482,1.081321316,4.56358174,3.650865392,4.56358174,3.650865392,3.516157692,2.601956692,,,,,,,,,,,,,,,,,,,,,,,,,,,,,,,,,,,,,,,,,3.498145807,1.621091959,3.498145807,1.621091959,3.498145807,1.621091959,3.498145807,1.621091959,3.498145807,1.621091959,3.498145807,1.621091959,3.498145807,1.621091959,3.498145807,1.621091959,3.498145807,1.621091959,3.498145807,1.621091959,1
4.505505482,1.081321316,4.56358174,3.650865392,4.56358174,3.650865392,4.56358174,3.650865392,4.56358174,3.650865392,4.56358174,3.650865392,4.56358174,3.650865392,3.338935398,2.404033487,3.338935398,2.404033487,5.039613259,5.039613259,,,,,,,,,,,,,,,,,,,,,,,,,,,,,,,,,,,,,,,,,4.814914567,1.76155411,4.814914567,1.76155411,4.814914567,1.76155411,4.814914567,1.76155411,4.814914567,1.76155411,4.814914567,1.76155411,4.814914567,1.76155411,4.814914567,1.76155411,4.814914567,1.76155411,4.814914567,1.76155411,1
4.56358174,3.650865392,3.338935398,2.404033487,3.338935398,2.404033487,3.338935398,2.404033487,3.338935398,2.404033487,3.338935398,2.404033487,3.338935398,2.404033487,3.516157692,2.601956692,3.516157692,2.601956692,5.483958516,2.961337599,,,,,,,,,,,,,,,,,,,,,,,,,,,,,,,,,,,,,,,,,3.890173181,1.423234091,3.890173181,1.423234091,3.890173181,1.423234091,3.890173181,1.423234091,3.890173181,1.423234091,3.890173181,1.423234091,3.890173181,1.423234091,3.890173181,1.423234091,3.890173181,1.423234091,3.890173181,1.423234091,1
3.338935398,2.404033487,3.516157692,2.601956692,3.516157692,2.601956692,3.516157692,2.601956692,3.516157692,2.601956692,3.516157692,2.601956692,3.516157692,2.601956692,5.039613259,5.039613259,5.039613259,5.039613259,4.947444837,1.880029038,,,,,,,,,,,,,,,,,,,,,,,,,,,,,,,,,,,,,,,,,1.870223842,1.870223842,1.870223842,1.870223842,1.870223842,1.870223842,1.870223842,1.870223842,1.870223842,1.870223842,1.870223842,1.870223842,1.870223842,1.870223842,1.870223842,1.870223842,1.870223842,1.870223842,1.870223842,1.870223842,1
3.516157692,2.601956692,5.039613259,5.039613259,5.039613259,5.039613259,5.039613259,5.039613259,5.039613259,5.039613259,5.039613259,5.039613259,5.039613259,5.039613259,5.483958516,2.961337599,3.145355049,1.446863322,6.505586815,2.47212299,,,,,,,,,,,,,,,,,,,,,,,,,,,,,,,,,,,,,,,,,2.803962314,1.025839871,2.803962314,1.025839871,2.803962314,1.025839871,2.803962314,1.025839871,2.803962314,1.025839871,2.803962314,1.025839871,2.803962314,1.025839871,2.803962314,1.025839871,2.803962314,1.025839871,2.803962314,1.025839871,1
5.039613259,5.039613259,3.145355049,1.446863322,3.145355049,1.446863322,3.145355049,1.446863322,3.145355049,1.446863322,3.145355049,1.446863322,3.145355049,1.446863322,4.947444837,1.880029038,6.086631261,2.79985038,3.02311895,0.906935685,,,,,,,,,,,,,,,,,,,,,,,,,,,,,,,,,,,,,,,,,4.30764096,1.575966205,4.30764096,1.575966205,4.30764096,1.575966205,4.30764096,1.575966205,4.30764096,1.575966205,4.30764096,1.575966205,4.30764096,1.575966205,4.30764096,1.575966205,4.30764096,1.575966205,4.30764096,1.575966205,1
3.145355049,1.446863322,6.086631261,2.79985038,6.086631261,2.79985038,6.086631261,2.79985038,6.086631261,2.79985038,6.086631261,2.79985038,6.086631261,2.79985038,6.505586815,2.47212299,5.315203432,3.295426128,2.460518244,0.442893284,,,,,,,,,,,,,,,,,,,,,,,,,,,,,,,,,,,,,,,,,5.798630534,3.535750325,5.798630534,3.535750325,5.798630534,3.535750325,5.798630534,3.535750325,5.798630534,3.535750325,5.798630534,3.535750325,5.798630534,3.535750325,5.798630534,3.535750325,5.798630534,3.535750325,5.798630534,3.535750325,1
6.086631261,2.79985038,5.315203432,3.295426128,5.315203432,3.295426128,5.315203432,3.295426128,5.315203432,3.295426128,5.315203432,3.295426128,5.315203432,3.295426128,3.544139414,0.921476248,4.953489619,2.179535432,3.245291411,1.427928221,,,,,,,,,,,,,,,,,,,,,,,,,,,,,,,,,,,,,,,,,2.289289406,1.340071847,2.289289406,1.340071847,2.289289406,1.340071847,2.289289406,1.340071847,2.289289406,1.340071847,2.289289406,1.340071847,2.289289406,1.340071847,2.289289406,1.340071847,2.289289406,1.340071847,2.289289406,1.340071847,1
5.315203432,3.295426128,4.953489619,2.179535432,4.953489619,2.179535432,4.953489619,2.179535432,4.953489619,2.179535432,4.953489619,2.179535432,4.953489619,2.179535432,3.245291411,1.427928221,6.874992421,6.874992421,6.874992421,6.874992421,,,,,,,,,,,,,,,,,,,,,,,,,,,,,,,,,,,,,,,,,5.119297884,3.246384024,5.119297884,3.246384024,5.119297884,3.246384024,5.119297884,3.246384024,5.119297884,3.246384024,5.119297884,3.246384024,5.119297884,3.246384024,5.119297884,3.246384024,5.119297884,3.246384024,5.119297884,3.246384024,1
4.953489619,2.179535432,6.874992421,6.874992421,6.874992421,6.874992421,6.874992421,6.874992421,6.874992421,6.874992421,6.874992421,6.874992421,6.874992421,6.874992421,6.874992421,6.874992421,,,,,,,,,,,,,,,,,,,,,,,,,,,,,,,,,,,,,,,,,,,,,3.184926824,2.485796546,3.184926824,2.485796546,3.184926824,2.485796546,3.184926824,2.485796546,3.184926824,2.485796546,3.184926824,2.485796546,3.184926824,2.485796546,3.184926824,2.485796546,3.184926824,2.485796546,3.184926824,2.485796546,1
6.874992421,6.874992421,,,,,,,,,,,,,,,,,,,,,,,,,,,,,,,,,,,,,,,,,,,,,,,,,,,,,,,,,,,3.958467693,3.08953576,3.958467693,3.08953576,3.958467693,3.08953576,3.958467693,3.08953576,3.958467693,3.08953576,3.958467693,3.08953576,3.958467693,3.08953576,3.958467693,3.08953576,3.958467693,3.08953576,3.958467693,3.08953576,1
,,,,,,,,,,,,,,,,,,,,,,,,,,,,,,,,,,,,,,,,,,,,,,,,,,,,,,,,,,,,3.721903919,3.721903919,3.721903919,3.721903919,3.721903919,3.721903919,3.721903919,3.721903919,3.721903919,3.721903919,3.721903919,3.721903919,3.721903919,3.721903919,3.721903919,3.721903919,3.721903919,3.721903919,3.721903919,3.721903919,1
,,,,,,,,,,,,,,,,,,,,,,,,,,,,,,,,,,,,,,,,,,,,,,,,,,,,,,,,,,,,6.369457464,2.330289316,6.369457464,2.330289316,6.369457464,2.330289316,6.369457464,2.330289316,6.369457464,2.330289316,6.369457464,2.330289316,6.369457464,2.330289316,6.369457464,2.330289316,6.369457464,2.330289316,6.369457464,2.330289316,1
,,,,,,,,,,,,,,,,,,,,,,,,,,,,,,,,,,,,,,,,,,,,,,,,,,,,,,,,,,,,2.911849188,1.065310679,2.911849188,1.065310679,2.911849188,1.065310679,2.911849188,1.065310679,2.911849188,1.065310679,2.911849188,1.065310679,2.911849188,1.065310679,2.911849188,1.065310679,2.911849188,1.065310679,2.911849188,1.065310679,1
,,,,,,,,,,,,,,,,,,,,,,,,,,,,,,,,,,,,,,,,,,,,,,,,,,,,,,,,,,,,3.274404118,1.517406786,3.274404118,1.517406786,3.274404118,1.517406786,3.274404118,1.517406786,3.274404118,1.517406786,3.274404118,1.517406786,3.274404118,1.517406786,3.274404118,1.517406786,3.274404118,1.517406786,3.274404118,1.517406786,1
,,,,,,,,,,,,,,,,,,,,,,,,,,,,,,,,,,,,,,,,,,,,,,,,,,,,,,,,,,,,3.848831207,1.595856842,3.848831207,1.595856842,3.848831207,1.595856842,3.848831207,1.595856842,3.848831207,1.595856842,3.848831207,1.595856842,3.848831207,1.595856842,3.848831207,1.595856842,3.848831207,1.595856842,3.848831207,1.595856842,1
,,,,,,,,,,,,,,,,,,,,,,,,,,,,,,,,,,,,,,,,,,,,,,,,,,,,,,,,,,,,3.342445932,2.69026136,3.342445932,2.69026136,3.342445932,2.69026136,3.342445932,2.69026136,3.342445932,2.69026136,3.342445932,2.69026136,3.342445932,2.69026136,3.342445932,2.69026136,3.342445932,2.69026136,3.342445932,2.69026136,1
,,,,,,,,,,,,,,,,,,,,,,,,,,,,,,,,,,,,,,,,,,,,,,,,,,,,,,,,,,,,6.717400021,4.423653672,6.717400021,4.423653672,6.717400021,4.423653672,6.717400021,4.423653672,6.717400021,4.423653672,6.717400021,4.423653672,6.717400021,4.423653672,6.717400021,4.423653672,6.717400021,4.423653672,6.717400021,4.423653672,1
,,,,,,,,,,,,,,,,,,,,,,,,,,,,,,,,,,,,,,,,,,,,,,,,,,,,,,,,,,,,3.825593439,2.51929324,3.825593439,2.51929324,3.825593439,2.51929324,3.825593439,2.51929324,3.825593439,2.51929324,3.825593439,2.51929324,3.825593439,2.51929324,3.825593439,2.51929324,3.825593439,2.51929324,3.825593439,2.51929324,1
,,,,,,,,,,,,,,,,,,,,,,,,,,,,,,,,,,,,,,,,,,,,,,,,,,,,,,,,,,,,6.612690395,4.193413421,6.612690395,4.193413421,6.612690395,4.193413421,6.612690395,4.193413421,6.612690395,4.193413421,6.612690395,4.193413421,6.612690395,4.193413421,6.612690395,4.193413421,6.612690395,4.193413421,6.612690395,4.193413421,1
,,,,,,,,,,,,,,,,,,,,,,,,,,,,,,,,,,,,,,,,,,,,,,,,,,,,,,,,,,,,4.27060298,2.39570411,4.27060298,2.39570411,4.27060298,2.39570411,4.27060298,2.39570411,4.27060298,2.39570411,4.27060298,2.39570411,4.27060298,2.39570411,4.27060298,2.39570411,4.27060298,2.39570411,4.27060298,2.39570411,1
,,,,,,,,,,,,,,,,,,,,,,,,,,,,,,,,,,,,,,,,,,,,,,,,,,,,,,,,,,,,3.961703504,3.188688186,3.961703504,3.188688186,3.961703504,3.188688186,3.961703504,3.188688186,3.961703504,3.188688186,3.961703504,3.188688186,3.961703504,3.188688186,3.961703504,3.188688186,3.961703504,3.188688186,3.961703504,3.188688186,1
,,,,,,,,,,,,,,,,,,,,,,,,,,,,,,,,,,,,,,,,,,,,,,,,,,,,,,,,,,,,7.884293686,6.345894918,7.884293686,6.345894918,7.884293686,6.345894918,7.884293686,6.345894918,7.884293686,6.345894918,7.884293686,6.345894918,7.884293686,6.345894918,7.884293686,6.345894918,7.884293686,6.345894918,7.884293686,6.345894918,1
,,,,,,,,,,,,,,,,,,,,,,,,,,,,,,,,,,,,,,,,,,,,,,,,,,,,,,,,,,,,6.120892839,4.329412008,6.120892839,4.329412008,6.120892839,4.329412008,6.120892839,4.329412008,6.120892839,4.329412008,6.120892839,4.329412008,6.120892839,4.329412008,6.120892839,4.329412008,6.120892839,4.329412008,6.120892839,4.329412008,1
,,,,,,,,,,,,,,,,,,,,,,,,,,,,,,,,,,,,,,,,,,,,,,,,,,,,,,,,,,,,5.497075923,2.949650495,5.497075923,2.949650495,5.497075923,2.949650495,5.497075923,2.949650495,5.497075923,2.949650495,5.497075923,2.949650495,5.497075923,2.949650495,5.497075923,2.949650495,5.497075923,2.949650495,5.497075923,2.949650495,1
,,,,,,,,,,,,,,,,,,,,,,,,,,,,,,,,,,,,,,,,,,,,,,,,,,,,,,,,,,,,8.493735379,4.350449828,8.493735379,4.350449828,8.493735379,4.350449828,8.493735379,4.350449828,8.493735379,4.350449828,8.493735379,4.350449828,8.493735379,4.350449828,8.493735379,4.350449828,8.493735379,4.350449828,8.493735379,4.350449828,1
,,,,,,,,,,,,,,,,,,,,,,,,,,,,,,,,,,,,,,,,,,,,,,,,,,,,,,,,,,,,7.493209345,2.375895646,7.493209345,2.375895646,7.493209345,2.375895646,7.493209345,2.375895646,7.493209345,2.375895646,7.493209345,2.375895646,7.493209345,2.375895646,7.493209345,2.375895646,7.493209345,2.375895646,7.493209345,2.375895646,1
,,,,,,,,,,,,,,,,,,,,,,,,,,,,,,,,,,,,,,,,,,,,,,,,,,,,,,,,,,,,12.82410311,4.066179035,12.82410311,4.066179035,12.82410311,4.066179035,12.82410311,4.066179035,12.82410311,4.066179035,12.82410311,4.066179035,12.82410311,4.066179035,12.82410311,4.066179035,12.82410311,4.066179035,12.82410311,4.066179035,1
,,,,,,,,,,,,,,,,,,,,,,,,,,,,,,,,,,,,,,,,,,,,,,,,,,,,,,,,,,,,6.12028771,4.62753461,6.12028771,4.62753461,6.12028771,4.62753461,6.12028771,4.62753461,6.12028771,4.62753461,6.12028771,4.62753461,6.12028771,4.62753461,6.12028771,4.62753461,6.12028771,4.62753461,6.12028771,4.62753461,1
,,,,,,,,,,,,,,,,,,,,,,,,,,,,,,,,,,,,,,,,,,,,,,,,,,,,,,,,,,,,10.67064516,4.684673483,10.67064516,4.684673483,10.67064516,4.684673483,10.67064516,4.684673483,10.67064516,4.684673483,10.67064516,4.684673483,10.67064516,4.684673483,10.67064516,4.684673483,10.67064516,4.684673483,10.67064516,4.684673483,1
,,,,,,,,,,,,,,,,,,,,,,,,,,,,,,,,,,,,,,,,,,,,,,,,,,,,,,,,,,,,13.79235963,6.055182275,13.79235963,6.055182275,13.79235963,6.055182275,13.79235963,6.055182275,13.79235963,6.055182275,13.79235963,6.055182275,13.79235963,6.055182275,13.79235963,6.055182275,13.79235963,6.055182275,13.79235963,6.055182275,1
,,,,,,,,,,,,,,,,,,,,,,,,,,,,,,,,,,,,,,,,,,,,,,,,,,,,,,,,,,,,5.920356462,4.476367081,5.920356462,4.476367081,5.920356462,4.476367081,5.920356462,4.476367081,5.920356462,4.476367081,5.920356462,4.476367081,5.920356462,4.476367081,5.920356462,4.476367081,5.920356462,4.476367081,5.920356462,4.476367081,1
,,,,,,,,,,,,,,,,,,,,,,,,,,,,,,,,,,,,,,,,,,,,,,,,,,,,,,,,,,,,8.401295658,4.508012304,8.401295658,4.508012304,8.401295658,4.508012304,8.401295658,4.508012304,8.401295658,4.508012304,8.401295658,4.508012304,8.401295658,4.508012304,8.401295658,4.508012304,8.401295658,4.508012304,8.401295658,4.508012304,1
,,,,,,,,,,,,,,,,,,,,,,,,,,,,,,,,,,,,,,,,,,,,,,,,,,,,,,,,,,,,7.478581862,2.188853228,7.478581862,2.188853228,7.478581862,2.188853228,7.478581862,2.188853228,7.478581862,2.188853228,7.478581862,2.188853228,7.478581862,2.188853228,7.478581862,2.188853228,7.478581862,2.188853228,7.478581862,2.188853228,1
,,,,,,,,,,,,,,,,,,,,,,,,,,,,,,,,,,,,,,,,,,,,,,,,,,,,,,,,,,,,14.09664461,4.125847202,14.09664461,4.125847202,14.09664461,4.125847202,14.09664461,4.125847202,14.09664461,4.125847202,14.09664461,4.125847202,14.09664461,4.125847202,14.09664461,4.125847202,14.09664461,4.125847202,14.09664461,4.125847202,1
,,,,,,,,,,,,,,,,,,,,,,,,,,,,,,,,,,,,,,,,,,,,,,,,,,,,,,,,,,,,7.196857212,4.037261363,7.196857212,4.037261363,7.196857212,4.037261363,7.196857212,4.037261363,7.196857212,4.037261363,7.196857212,4.037261363,7.196857212,4.037261363,7.196857212,4.037261363,7.196857212,4.037261363,7.196857212,4.037261363,1
,,,,,,,,,,,,,,,,,,,,,,,,,,,,,,,,,,,,,,,,,,,,,,,,,,,,,,,,,,,,9.971975568,4.377940493,9.971975568,4.377940493,9.971975568,4.377940493,9.971975568,4.377940493,9.971975568,4.377940493,9.971975568,4.377940493,9.971975568,4.377940493,9.971975568,4.377940493,9.971975568,4.377940493,9.971975568,4.377940493,1
,,,,,,,,,,,,,,,,,,,,,,,,,,,,,,,,,,,,,,,,,,,,,,,,,,,,,,,,,,,,6.60300682,2.898881043,6.60300682,2.898881043,6.60300682,2.898881043,6.60300682,2.898881043,6.60300682,2.898881043,6.60300682,2.898881043,6.60300682,2.898881043,6.60300682,2.898881043,6.60300682,2.898881043,6.60300682,2.898881043,1
,,,,,,,,,,,,,,,,,,,,,,,,,,,,,,,,,,,,,,,,,,,,,,,,,,,,,,,,,,,,9.174858847,4.923094991,9.174858847,4.923094991,9.174858847,4.923094991,9.174858847,4.923094991,9.174858847,4.923094991,9.174858847,4.923094991,9.174858847,4.923094991,9.174858847,4.923094991,9.174858847,4.923094991,9.174858847,4.923094991,1
,,,,,,,,,,,,,,,,,,,,,,,,,,,,,,,,,,,,,,,,,,,,,,,,,,,,,,,,,,,,7.138336383,1.741057654,7.138336383,1.741057654,7.138336383,1.741057654,7.138336383,1.741057654,7.138336383,1.741057654,7.138336383,1.741057654,7.138336383,1.741057654,7.138336383,1.741057654,7.138336383,1.741057654,7.138336383,1.741057654,1
,,,,,,,,,,,,,,,,,,,,,,,,,,,,,,,,,,,,,,,,,,,,,,,,,,,,,,,,,,,,5.328832648,1.29971528,5.328832648,1.29971528,5.328832648,1.29971528,5.328832648,1.29971528,5.328832648,1.29971528,5.328832648,1.29971528,5.328832648,1.29971528,5.328832648,1.29971528,5.328832648,1.29971528,5.328832648,1.29971528,1
,,,,,,,,,,,,,,,,,,,,,,,,,,,,,,,,,,,,,,,,,,,,,,,,,,,,,,,,,,,,7.685770021,4.686445135,7.685770021,4.686445135,7.685770021,4.686445135,7.685770021,4.686445135,7.685770021,4.686445135,7.685770021,4.686445135,7.685770021,4.686445135,7.685770021,4.686445135,7.685770021,4.686445135,7.685770021,4.686445135,1
,,,,,,,,,,,,,,,,,,,,,,,,,,,,,,,,,,,,,,,,,,,,,,,,,,,,,,,,,,,,5.24135084,3.195945634,5.24135084,3.195945634,5.24135084,3.195945634,5.24135084,3.195945634,5.24135084,3.195945634,5.24135084,3.195945634,5.24135084,3.195945634,5.24135084,3.195945634,5.24135084,3.195945634,5.24135084,3.195945634,1
,,,,,,,,,,,,,,,,,,,,,,,,,,,,,,,,,,,,,,,,,,,,,,,,,,,,,,,,,,,,4.931021152,3.848601875,4.931021152,3.848601875,4.931021152,3.848601875,4.931021152,3.848601875,4.931021152,3.848601875,4.931021152,3.848601875,4.931021152,3.848601875,4.931021152,3.848601875,4.931021152,3.848601875,4.931021152,3.848601875,1
,,,,,,,,,,,,,,,,,,,,,,,,,,,,,,,,,,,,,,,,,,,,,,,,,,,,,,,,,,,,5.420597544,2.77640362,5.420597544,2.77640362,5.420597544,2.77640362,5.420597544,2.77640362,5.420597544,2.77640362,5.420597544,2.77640362,5.420597544,2.77640362,5.420597544,2.77640362,3.196848144,1.403494307,3.196848144,1.403494307,1
,,,,,,,,,,,,,,,,,,,,,,,,,,,,,,,,,,,,,,,,,,,,,,,,,,,,,,,,,,,,7.395967225,3.066620557,7.395967225,3.066620557,7.395967225,3.066620557,7.395967225,3.066620557,5.150373487,0.502475462,5.150373487,0.502475462,5.150373487,0.502475462,5.150373487,0.502475462,7.632517792,3.909338381,5.48983582,0.937289042,1
,,,,,,,,,,,,,,,,,,,,,,,,,,,,,,,,,,,,,,,,,,,,,,,,,,,,,,,,,,,,6.996629321,1.706494956,6.996629321,1.706494956,6.996629321,1.706494956,6.996629321,1.706494956,8.316750846,2.839866142,8.316750846,2.839866142,8.316750846,2.839866142,8.316750846,2.839866142,5.899475267,0.575558563,2.963742549,1.156582458,1
,,,,,,,,,,,,,,,,,,,,,,,,,,,,,,,,,,,,,,,,,,,,,,,,,,,,,,,,,,,,8.316750846,2.839866142,8.316750846,2.839866142,8.316750846,2.839866142,8.316750846,2.839866142,7.632517792,3.909338381,7.632517792,3.909338381,7.632517792,3.909338381,7.632517792,3.909338381,2.963742549,1.156582458,4.858528235,2.60701515,1
,,,,,,,,,,,,,,,,,,,,,,,,,,,,,,,,,,,,,,,,,,,,,,,,,,,,,,,,,,,,7.632517792,3.909338381,7.632517792,3.909338381,7.632517792,3.909338381,7.632517792,3.909338381,5.663636358,1.381374722,5.899475267,0.575558563,5.899475267,0.575558563,5.899475267,0.575558563,4.858528235,2.60701515,5.66262145,3.590930675,1
,,,,,,,,,,,,,,,,,,,,,,,,,,,,,,,,,,,,,,,,,,,,,,,,,,,,,,,,,,,,5.663636358,1.381374722,5.663636358,1.381374722,5.663636358,1.381374722,5.663636358,1.381374722,4.854136638,1.183935765,2.963742549,1.156582458,2.963742549,1.156582458,2.963742549,1.156582458,5.66262145,3.590930675,7.571560413,3.324099694,1
,,,,,,,,,,,,,,,,,,,,,,,,,,,,,,,,,,,,,,,,,,,,,,,,,,,,,,,,,,,,4.854136638,1.183935765,4.854136638,1.183935765,4.854136638,1.183935765,4.854136638,1.183935765,2.963742549,1.156582458,4.858528235,2.60701515,4.858528235,2.60701515,4.858528235,2.60701515,7.571560413,3.324099694,5.404829575,5.404829575,1
,,,,,,,,,,,,,,,,,,,,,,,,,,,,,,,,,,,,,,,,,,,,,,,,,,,,,,,,,,,,2.963742549,1.156582458,2.963742549,1.156582458,2.963742549,1.156582458,2.963742549,1.156582458,4.858528235,2.60701515,5.66262145,3.590930675,5.66262145,3.590930675,5.66262145,3.590930675,5.404829575,5.404829575,,,1
,,,,,,,,,,,,,,,,,,,,,,,,,,,,,,,,,,,,,,,,,,,,,,,,,,,,,,,,,,,,4.858528235,2.60701515,4.858528235,2.60701515,4.858528235,2.60701515,4.858528235,2.60701515,5.66262145,3.590930675,7.571560413,3.324099694,7.571560413,3.324099694,7.571560413,3.324099694,,,,,1
,,,,,,,,,,,,,,,,,,,,,,,,,,,,,,,,,,,,,,,,,,,,,,,,,,,,,,,,,,,,5.66262145,3.590930675,5.66262145,3.590930675,5.66262145,3.590930675,5.66262145,3.590930675,7.571560413,3.324099694,5.404829575,5.404829575,5.404829575,5.404829575,5.404829575,5.404829575,,,,,
,,,,,,,,,,,,,,,,,,,,,,,,,,,,,,,,,,,,,,,,,,,,,,,,,,,,,,,,,,,,7.571560413,3.324099694,7.571560413,3.324099694,7.571560413,3.324099694,7.571560413,3.324099694,5.404829575,5.404829575,,,,,,,,,,,
,,,,,,,,,,,,,,,,,,,,,,,,,,,,,,,,,,,,,,,,,,,,,,,,,,,,,,,,,,,,5.404829575,5.404829575,5.404829575,5.404829575,5.404829575,5.404829575,5.404829575,5.404829575,,,,,,,,,,,,,